Size, Seq, Par, Libc
, 0.000001, 0.001083, 0.000003
, 0.000000, 0.000682, 0.000003
, 0.000001, 0.000612, 0.000003
, 0.000000, 0.001189, 0.000006
, 0.000000, 0.000628, 0.000002
, 0.000001, 0.000901, 0.000003
, 0.000001, 0.000589, 0.000003
, 0.000001, 0.000803, 0.000003
, 0.000001, 0.000518, 0.000002
, 0.000001, 0.000676, 0.000002
, 0.000001, 0.000631, 0.000002
, 0.000001, 0.000810, 0.000003
, 0.000001, 0.000638, 0.000002
, 0.000001, 0.000745, 0.000003
, 0.000000, 0.000631, 0.000002
, 0.000000, 0.000967, 0.000003
, 0.000001, 0.000705, 0.000002
, 0.000001, 0.000610, 0.000002
, 0.000001, 0.000630, 0.000002
, 0.000001, 0.000999, 0.000002
, 0.000001, 0.000961, 0.000003
, 0.000001, 0.000678, 0.000002
, 0.000000, 0.000736, 0.000002
, 0.000001, 0.000819, 0.000002
, 0.000001, 0.000704, 0.000002
, 0.000001, 0.000823, 0.000002
, 0.000001, 0.000817, 0.000002
, 0.000001, 0.000839, 0.000002
, 0.000002, 0.000834, 0.000003
, 0.000001, 0.000994, 0.000002
, 0.000001, 0.000762, 0.000002
, 0.000001, 0.000977, 0.000002
, 0.000001, 0.000719, 0.000003
, 0.000001, 0.000790, 0.000003
, 0.000001, 0.000766, 0.000003
, 0.000001, 0.001318, 0.000002
, 0.000001, 0.000789, 0.000002
, 0.000001, 0.000793, 0.000003
, 0.000001, 0.000745, 0.000003
, 0.000002, 0.000960, 0.000003
, 0.000001, 0.000935, 0.000003
, 0.000001, 0.000762, 0.000002
, 0.000002, 0.000757, 0.000003
, 0.000002, 0.000898, 0.000003
, 0.000001, 0.000826, 0.000002
, 0.000001, 0.000991, 0.000003
, 0.000001, 0.000897, 0.000002
, 0.000001, 0.001122, 0.000004
, 0.000001, 0.001022, 0.000003
, 0.000001, 0.001398, 0.000003
, 0.000002, 0.002318, 0.000003
, 0.000002, 0.001243, 0.000003
, 0.000001, 0.000986, 0.000003
, 0.000002, 0.001017, 0.000002
, 0.000002, 0.001010, 0.000003
, 0.000001, 0.001109, 0.000002
, 0.000002, 0.004432, 0.000005
, 0.000002, 0.001029, 0.000004
, 0.000002, 0.001558, 0.000003
, 0.000002, 0.001063, 0.000003
, 0.000001, 0.001240, 0.000003
, 0.000002, 0.000979, 0.000003
, 0.000002, 0.000987, 0.000003
, 0.000001, 0.001017, 0.000003
, 0.000002, 0.000962, 0.000003
, 0.000002, 0.001295, 0.000003
, 0.000002, 0.001051, 0.000003
, 0.000002, 0.001074, 0.000002
, 0.000002, 0.001016, 0.000003
, 0.000002, 0.001019, 0.000003
, 0.000001, 0.001029, 0.000003
, 0.000002, 0.000964, 0.000003
, 0.000002, 0.001025, 0.000003
, 0.000002, 0.000976, 0.000002
, 0.000002, 0.000907, 0.000003
